AssetA,QtyA,AssetB,QtyB
EOG,14.83646840148699,OKE,9.156050646293547

